Package Name,App Version Code,App Version Name,Reviewer Language,Device,Review Submit Date and Time,Review Submit Millis Since Epoch,Review Last Update Date and Time,Review Last Update Millis Since Epoch,Star Rating,Review Title,Review Text,Developer Reply Date and Time,Developer Reply Millis Since Epoch,Developer Reply Text,Review Link
cat.app.lordofriddles,,,it,HWANE,2019-02-01T13:04:45Z,1549026285158,2019-02-01T13:04:45Z,1549026285158,5,,,,,,
cat.app.lordofriddles,93,4.1.14,it,HWVNS-H,2019-02-01T15:05:30Z,1549033530837,2019-02-01T15:05:30Z,1549033530837,5,,,,,,
cat.app.lordofriddles,93,4.1.14,it,v3720,2019-02-01T15:30:57Z,1549035057425,2019-02-01T15:30:57Z,1549035057425,5,,,,,,
cat.app.lordofriddles,93,4.1.14,it,HWDIG-L8940,2019-02-01T15:34:20Z,1549035260011,2019-02-01T15:34:20Z,1549035260011,5,,,,,,
cat.app.lordofriddles,,,it,HWPRA-H,2019-02-01T16:49:17Z,1549039757714,2019-02-01T16:49:17Z,1549039757714,4,,"Applicazione buona, ma indovinelli con soluzioni veramente impensabili. Buon passatempo per tenere la mente impegnata",,,,https://play.google.com/apps/publish?account=4894168828409330111#ReviewDetailsPlace:p=cat.app.lordofriddles&reviewid=gp:AOqpTOEbXXBjyrBS_5lODMJxkVcLF20S6GfQI9YnZfC5rv2IfRNGR5GKFPqZHvpSWP26aIE31L1-EDE7p2_QNDA
cat.app.lordofriddles,93,4.1.14,it,W-P220,2019-02-01T23:03:46Z,1549062226750,2019-02-01T23:03:46Z,1549062226750,5,,,,,,
cat.app.lordofriddles,93,4.1.14,it,HWCOL,2019-02-02T01:07:41Z,1549069661649,2019-02-02T01:07:41Z,1549069661649,5,,,,,,
cat.app.lordofriddles,93,4.1.14,it,j7xelte,2019-02-02T09:15:36Z,1549098936627,2019-02-02T09:15:36Z,1549098936627,5,,,,,,
cat.app.lordofriddles,93,4.1.14,it,HWANE,2019-02-02T19:27:43Z,1549135663644,2019-02-02T19:27:43Z,1549135663644,5,,,,,,
cat.app.lordofriddles,91,4.1.12,it,matissevewifi,2019-02-03T15:49:31Z,1549208971955,2019-02-03T15:49:31Z,1549208971955,4,,ottimo gioco da fare da soli o in compagnia,,,,https://play.google.com/apps/publish?account=4894168828409330111#ReviewDetailsPlace:p=cat.app.lordofriddles&reviewid=gp:AOqpTOHtxMQpLjw73k-GHfoJYBy_8pqoCxg5_OGPjJcPpRpf2QJNFfCk1Ojqswj1xrVhBhAmlNloV3_6aKXX7us
cat.app.lordofriddles,93,4.1.14,it,HWMYA-L6737,2019-02-03T17:25:02Z,1549214702143,2019-02-03T17:25:02Z,1549214702143,5,,,,,,
cat.app.lordofriddles,93,4.1.14,it,HWAUM-Q,2019-02-03T17:27:51Z,1549214871705,2019-02-03T17:27:51Z,1549214871705,4,,,,,,
cat.app.lordofriddles,93,4.1.14,it,HWVTR,2019-02-03T18:34:45Z,1549218885773,2019-02-03T18:34:45Z,1549218885773,5,,,,,,
cat.app.lordofriddles,93,4.1.14,it,HWCAM-H,2019-02-03T19:58:13Z,1549223893452,2019-02-03T19:58:13Z,1549223893452,5,,,,,,
cat.app.lordofriddles,93,4.1.14,it,j5xnlte,2018-02-21T19:16:51Z,1519240611565,2019-02-03T21:46:37Z,1549230397262,5,,bellissima sei un genio,,,,https://play.google.com/apps/publish?account=4894168828409330111#ReviewDetailsPlace:p=cat.app.lordofriddles&reviewid=gp:AOqpTOGI19hkTPn-FqnmBuazceSbEhGy4Fa3ggwQRqnbeKmVy6gX_rfXk690emeh0dnVk0-qjVTTm8ECMEAWTTQ
cat.app.lordofriddles,93,4.1.14,it,j5nlte,2019-02-04T10:46:36Z,1549277196170,2019-02-04T10:46:36Z,1549277196170,5,,non mi piace,,,,https://play.google.com/apps/publish?account=4894168828409330111#ReviewDetailsPlace:p=cat.app.lordofriddles&reviewid=gp:AOqpTOHpm8-uXmSEXqhGjqDcFnW6zk4obvFlCTPjK_--kUq5NYsUmbI-J-luWEL24eAVMnjwq0kTzhaROMJuy8g
cat.app.lordofriddles,93,4.1.14,it,HWEVA,2016-09-27T19:32:25Z,1475004745596,2019-02-04T10:51:24Z,1549277484607,5,,,,,,
cat.app.lordofriddles,93,4.1.14,it,serranolte,2019-02-04T17:18:21Z,1549300701142,2019-02-04T17:18:21Z,1549300701142,5,,,,,,
cat.app.lordofriddles,93,4.1.14,it,dreamlte,2019-02-04T22:00:31Z,1549317631677,2019-02-04T22:00:31Z,1549317631677,5,,,,,,
cat.app.lordofriddles,93,4.1.14,it,HWVNS-H,2019-02-05T14:51:30Z,1549378290105,2019-02-05T14:51:30Z,1549378290105,4,,,,,,
cat.app.lordofriddles,93,4.1.14,it,hwALE-H,2017-02-07T17:29:36Z,1486488576883,2019-02-05T21:48:38Z,1549403318751,4,,,,,,
cat.app.lordofriddles,93,4.1.14,it,HWRNE,2019-02-05T23:54:53Z,1549410893176,2019-02-05T23:54:53Z,1549410893176,5,,,,,,
cat.app.lordofriddles,93,4.1.14,it,j3y17lte,2019-02-06T06:25:25Z,1549434325386,2019-02-06T06:25:25Z,1549434325386,4,,bello,,,,https://play.google.com/apps/publish?account=4894168828409330111#ReviewDetailsPlace:p=cat.app.lordofriddles&reviewid=gp:AOqpTOGCYPQD7RX6lm18ja6HqaWohouaWZYUxnqRM6rY4B-N9vHfduLGMVtOM8HVm78-JJ9i-h1ArsTKLReKDek
cat.app.lordofriddles,93,4.1.14,en,manning,2019-02-06T10:34:03Z,1549449243640,2019-02-06T10:34:03Z,1549449243640,4,,i like the game its a really good game for your brain to think more,,,,https://play.google.com/apps/publish?account=4894168828409330111#ReviewDetailsPlace:p=cat.app.lordofriddles&reviewid=gp:AOqpTOE0qkplPJOT5B2RFLFYdEhroDDsAOUvYWGU4auM99B_ZLwDxSJDcC6XPyoWyYEsnU4M79xwlO6X2ayU6N0
cat.app.lordofriddles,93,4.1.14,it,dreamlte,2019-02-06T11:47:28Z,1549453648893,2019-02-06T11:47:28Z,1549453648893,5,,,,,,
cat.app.lordofriddles,93,4.1.14,it,P4601AN,2019-02-06T15:40:37Z,1549467637375,2019-02-06T15:40:37Z,1549467637375,4,,,,,,
cat.app.lordofriddles,93,4.1.14,it,HWEML,2019-02-06T16:44:25Z,1549471465679,2019-02-06T16:44:25Z,1549471465679,3,,Bellino,,,,https://play.google.com/apps/publish?account=4894168828409330111#ReviewDetailsPlace:p=cat.app.lordofriddles&reviewid=gp:AOqpTOEuTcdZNTlVEGMDiqhTTwfTNaLURTLXXmgyj05WCbFTQFjgDQLz3sxIxoJuVS25EkxdleIHdvGaGxsI90I
cat.app.lordofriddles,93,4.1.14,it,ASUS_X00HD_1,2019-02-08T14:00:03Z,1549634403338,2019-02-08T14:00:03Z,1549634403338,2,,,,,,
cat.app.lordofriddles,93,4.1.14,it,v3720,2019-02-08T15:40:18Z,1549640418984,2019-02-08T15:40:18Z,1549640418984,4,,,,,,
cat.app.lordofriddles,93,4.1.14,it,hero2lte,2019-02-08T16:22:21Z,1549642941508,2019-02-08T16:22:21Z,1549642941508,4,,,,,,
cat.app.lordofriddles,93,4.1.14,it,Pixi4-6_4G,2019-02-08T20:17:41Z,1549657061183,2019-02-08T20:17:41Z,1549657061183,3,,,,,,
cat.app.lordofriddles,93,4.1.14,it,star2lte,2019-02-08T23:20:42Z,1549668042024,2019-02-08T23:20:42Z,1549668042024,3,,bello,,,,https://play.google.com/apps/publish?account=4894168828409330111#ReviewDetailsPlace:p=cat.app.lordofriddles&reviewid=gp:AOqpTOF7JQJ1C3ZuD1SGaXAvhnjbx4Fd_gEcQj9CQuYM2j6jCBbUX_N_kPbUqXGrgNkqI6-40D6XOO-dJ6BtbZs
cat.app.lordofriddles,93,4.1.14,it,gts28lte,2019-02-09T20:36:15Z,1549744575291,2019-02-09T20:36:15Z,1549744575291,4,,,,,,
cat.app.lordofriddles,93,4.1.14,it,a5y17lte,2019-02-10T00:05:54Z,1549757154250,2019-02-10T00:05:54Z,1549757154250,4,,,,,,
cat.app.lordofriddles,93,4.1.14,it,HWWAS-H,2019-02-10T17:04:37Z,1549818277421,2019-02-10T17:04:37Z,1549818277421,5,,,,,,
cat.app.lordofriddles,93,4.1.14,it,OnePlus3,2019-02-11T14:53:11Z,1549896791168,2019-02-11T14:53:11Z,1549896791168,5,,,,,,
cat.app.lordofriddles,93,4.1.14,it,j5y17lte,2019-02-12T15:33:44Z,1549985624701,2019-02-12T15:33:44Z,1549985624701,1,,,,,,
cat.app.lordofriddles,93,4.1.14,it,j5xnlte,2019-02-12T17:23:18Z,1549992198800,2019-02-12T17:23:18Z,1549992198800,1,,,,,,
cat.app.lordofriddles,93,4.1.14,it,HWMYA-L6737,2019-02-12T20:16:12Z,1550002572474,2019-02-12T20:16:12Z,1550002572474,3,,Insomma non molto bello,,,,https://play.google.com/apps/publish?account=4894168828409330111#ReviewDetailsPlace:p=cat.app.lordofriddles&reviewid=gp:AOqpTOHyVcaDjqr_6iXa4NAxRI_PuWs_DOhVk5HdDtK6k5t8LJQbEXvqbtI1QUvCtIQwsOIe84ODeCyDSvxGs1U
cat.app.lordofriddles,93,4.1.14,it,mlv5n,2019-02-12T21:23:01Z,1550006581686,2019-02-12T21:23:01Z,1550006581686,5,,,,,,
cat.app.lordofriddles,93,4.1.14,it,s3ve3g,2019-02-13T11:26:09Z,1550057169927,2019-02-13T11:26:09Z,1550057169927,1,,,,,,
cat.app.lordofriddles,93,4.1.14,it,j5y17lte,2019-02-15T12:36:05Z,1550234165390,2019-02-15T12:36:05Z,1550234165390,5,,,,,,
cat.app.lordofriddles,93,4.1.14,it,j4primelte,2019-02-15T13:01:38Z,1550235698211,2019-02-15T13:01:38Z,1550235698211,5,,,,,,
cat.app.lordofriddles,93,4.1.14,it,j3y17lte,2019-02-15T21:15:51Z,1550265351421,2019-02-15T21:15:51Z,1550265351421,4,,bella,,,,https://play.google.com/apps/publish?account=4894168828409330111#ReviewDetailsPlace:p=cat.app.lordofriddles&reviewid=gp:AOqpTOGt-cXYx6l43t3M3q3ivDMWBgw6r1lIR21Mgzm8HfpWAEoPIEjEiqJuqFStYDuJ1jYiNhsW65-ci3g95QY
cat.app.lordofriddles,93,4.1.14,it,j3y17lte,2019-02-16T01:29:34Z,1550280574260,2019-02-16T01:29:34Z,1550280574260,5,,beĺla app,,,,https://play.google.com/apps/publish?account=4894168828409330111#ReviewDetailsPlace:p=cat.app.lordofriddles&reviewid=gp:AOqpTOGHvNMZk6GIytEXRBDLONNGB0JKQE3xvJssT_haxU1ipZsU9bimUUbQmJa69gGlD1PzWhE7IZ5RrCV8OR4
cat.app.lordofriddles,93,4.1.14,it,HWMYA-L6737,2019-02-16T11:53:22Z,1550318002692,2019-02-16T11:53:22Z,1550318002692,5,,,,,,
cat.app.lordofriddles,93,4.1.14,it,hwALE-H,2019-02-16T12:03:00Z,1550318580145,2019-02-16T12:03:00Z,1550318580145,4,,,,,,
cat.app.lordofriddles,93,4.1.14,it,HWPRA-H,2019-02-16T15:54:36Z,1550332476256,2019-02-16T15:54:36Z,1550332476256,4,,,,,,
cat.app.lordofriddles,93,4.1.14,it,HWPRA-H,2019-02-16T16:05:15Z,1550333115635,2019-02-16T16:05:15Z,1550333115635,5,,,,,,
cat.app.lordofriddles,93,4.1.14,it,j5y17lte,2019-02-16T20:07:13Z,1550347633951,2019-02-16T20:07:13Z,1550347633951,5,,,,,,
cat.app.lordofriddles,93,4.1.14,it,tulip,2019-02-17T09:32:41Z,1550395961991,2019-02-17T09:32:41Z,1550395961991,5,,,,,,
cat.app.lordofriddles,93,4.1.14,it,ASUS_X00T_2,2019-02-17T13:14:46Z,1550409286571,2019-02-17T13:14:46Z,1550409286571,5,,,,,,
cat.app.lordofriddles,93,4.1.14,it,j6lte,2019-02-17T14:03:01Z,1550412181657,2019-02-17T14:03:01Z,1550412181657,5,,,,,,
cat.app.lordofriddles,93,4.1.14,it,HWANE,2019-02-17T20:42:21Z,1550436141101,2019-02-17T20:42:21Z,1550436141101,5,,,,,,
cat.app.lordofriddles,93,4.1.14,it,a9y18qlte,2019-02-17T21:57:04Z,1550440624682,2019-02-17T21:57:04Z,1550440624682,5,,,,,,
cat.app.lordofriddles,93,4.1.14,it,HWLDN-Q,2019-02-18T05:17:45Z,1550467065528,2019-02-18T05:17:45Z,1550467065528,5,,,,,,
cat.app.lordofriddles,93,4.1.14,it,HWANE,2019-02-18T07:34:28Z,1550475268314,2019-02-18T07:34:28Z,1550475268314,5,,,,,,
cat.app.lordofriddles,93,4.1.14,it,HWPOT-H,2019-02-18T12:47:02Z,1550494022242,2019-02-18T12:47:02Z,1550494022242,5,,,,,,
cat.app.lordofriddles,93,4.1.14,it,ysl,2019-02-18T20:58:11Z,1550523491687,2019-02-18T20:58:11Z,1550523491687,1,,,,,,
cat.app.lordofriddles,93,4.1.14,it,star2lte,2019-02-19T01:11:02Z,1550538662114,2019-02-19T01:11:02Z,1550538662114,5,,ben fatto,,,,https://play.google.com/apps/publish?account=4894168828409330111#ReviewDetailsPlace:p=cat.app.lordofriddles&reviewid=gp:AOqpTOEQig8h1liobtVokOU4TOQJL0hvFLImzPt9COnZbGJe_-TBMPJTzMUhmCsPTMz8hTKeT5xhSQdL7E6D0gk
cat.app.lordofriddles,93,4.1.14,it,HWVKY,2019-02-19T15:00:24Z,1550588424694,2019-02-19T15:00:24Z,1550588424694,5,,,,,,
cat.app.lordofriddles,93,4.1.14,it,grandneove3g,2019-02-20T19:23:42Z,1550690622720,2019-02-20T19:23:42Z,1550690622720,1,,,,,,
cat.app.lordofriddles,93,4.1.14,it,j5xnlte,2019-02-20T20:00:28Z,1550692828337,2019-02-20T20:00:28Z,1550692828337,5,,,,,,
cat.app.lordofriddles,93,4.1.14,it,dreamlte,2019-02-20T23:57:55Z,1550707075963,2019-02-20T23:57:55Z,1550707075963,1,,,,,,
cat.app.lordofriddles,93,4.1.14,it,j6lte,2019-02-21T02:17:18Z,1550715438499,2019-02-21T02:17:18Z,1550715438499,3,,,,,,
cat.app.lordofriddles,93,4.1.14,it,HWJSN-H,2019-02-21T13:40:33Z,1550756433390,2019-02-21T13:40:33Z,1550756433390,5,,,,,,
cat.app.lordofriddles,93,4.1.14,it,HWRNE,2019-02-21T21:57:55Z,1550786275803,2019-02-21T21:57:55Z,1550786275803,3,,,,,,
cat.app.lordofriddles,93,4.1.14,it,a5xelte,2019-02-21T22:47:27Z,1550789247670,2019-02-21T22:47:27Z,1550789247670,5,,,,,,
cat.app.lordofriddles,91,4.1.12,it,HWEML,2019-02-22T12:33:24Z,1550838804916,2019-02-22T12:33:24Z,1550838804916,5,,,,,,
cat.app.lordofriddles,93,4.1.14,it,gtel3g,2019-02-22T19:13:29Z,1550862809915,2019-02-22T19:13:29Z,1550862809915,5,,,,,,
cat.app.lordofriddles,93,4.1.14,it,herolte,2019-02-22T20:12:41Z,1550866361476,2019-02-22T20:12:41Z,1550866361476,5,,,,,,
cat.app.lordofriddles,93,4.1.14,it,ASUS_X008_1,2019-02-22T21:33:04Z,1550871184986,2019-02-22T21:33:04Z,1550871184986,4,,"Yes it's pretty ,beautiful",,,,https://play.google.com/apps/publish?account=4894168828409330111#ReviewDetailsPlace:p=cat.app.lordofriddles&reviewid=gp:AOqpTOHJX75gvUAB5yHej_CrlGNhxZnKSy7I73TgFWcW-y32cH89MOvuELHr2vKfSu5wViF1S4do9YLfzlNKI0M
cat.app.lordofriddles,93,4.1.14,it,j3xnlte,2019-02-23T00:05:26Z,1550880326640,2019-02-23T00:05:26Z,1550880326640,5,,è bello ....... Però è complicato perché se non rifletti non ci arrivi,,,,https://play.google.com/apps/publish?account=4894168828409330111#ReviewDetailsPlace:p=cat.app.lordofriddles&reviewid=gp:AOqpTOHaKsxG-kyq9xBKz7z2lPTyRXqYHYYMIYAHHvayi2OlI754HSIcST57oP8KQ9qRloLca0RCawTQ_AWY7vo
cat.app.lordofriddles,93,4.1.14,it,j6lte,2019-02-23T21:35:48Z,1550957748806,2019-02-23T21:35:48Z,1550957748806,5,,bello,,,,https://play.google.com/apps/publish?account=4894168828409330111#ReviewDetailsPlace:p=cat.app.lordofriddles&reviewid=gp:AOqpTOGrif6DuBXd3ZXHJ2N9qCWGX_kOZD-qwLBJ7owJhDvsjKbbf4Lr_Iyrg5C_zBt0z2Zt8nW16e7cnx0DjOU
cat.app.lordofriddles,93,4.1.14,it,HWRNE,2019-02-24T01:59:25Z,1550973565220,2019-02-24T01:59:25Z,1550973565220,5,,,,,,
cat.app.lordofriddles,93,4.1.14,it,HWPRA-H,2019-02-24T03:32:27Z,1550979147749,2019-02-24T03:32:27Z,1550979147749,5,,,,,,
cat.app.lordofriddles,93,4.1.14,it,vince,2019-02-24T17:39:52Z,1551029992033,2019-02-24T17:39:52Z,1551029992033,5,,buona,,,,https://play.google.com/apps/publish?account=4894168828409330111#ReviewDetailsPlace:p=cat.app.lordofriddles&reviewid=gp:AOqpTOGRbO6oLTq8noTO2OdLljjNkhFYeUE9WY82yDBTbqxsSo9kkXNE7kYZLQXhEOTE0S8nBpi4Q8rTObWAaBw
cat.app.lordofriddles,93,4.1.14,it,j6lte,2019-02-25T21:33:22Z,1551130402264,2019-02-25T21:33:22Z,1551130402264,5,,,,,,
cat.app.lordofriddles,93,4.1.14,it,HWVTR,2019-02-25T21:46:26Z,1551131186952,2019-02-25T21:46:26Z,1551131186952,3,,Molto bello,,,,https://play.google.com/apps/publish?account=4894168828409330111#ReviewDetailsPlace:p=cat.app.lordofriddles&reviewid=gp:AOqpTOGpOr-e-52FXIx_falShRNXZjAqj4gLkvLNMC06u_9WRidpfALf-3ONvXx9Twds4fAvxHr9Vffod0svUPQ
cat.app.lordofriddles,93,4.1.14,it,HWCUN-L6735,2019-02-26T07:47:48Z,1551167268978,2019-02-26T07:47:48Z,1551167268978,4,,Un gioco veramente avvincente e molto utile per allenare la mente!,,,,https://play.google.com/apps/publish?account=4894168828409330111#ReviewDetailsPlace:p=cat.app.lordofriddles&reviewid=gp:AOqpTOFs-WijU3NX4JEpgAme6ga2nfAaHl_pu85DSmMe7S7mPe6_R9ZS77xn1Kks0926eBEgqxDsriDeHOkCyMQ
cat.app.lordofriddles,93,4.1.14,it,j5y17lte,2019-02-26T20:04:41Z,1551211481505,2019-02-26T20:04:41Z,1551211481505,4,,,,,,
cat.app.lordofriddles,93,4.1.14,it,a5xelte,2019-02-27T12:01:17Z,1551268877982,2019-02-27T12:01:17Z,1551268877982,5,,,,,,
cat.app.lordofriddles,93,4.1.14,it,HWWAS-H,2019-02-27T12:26:42Z,1551270402976,2019-02-27T12:26:42Z,1551270402976,4,,,,,,
cat.app.lordofriddles,93,4.1.14,it,HWMYA-L6737,2019-02-27T17:34:47Z,1551288887264,2019-02-27T17:34:47Z,1551288887264,5,,bello,,,,https://play.google.com/apps/publish?account=4894168828409330111#ReviewDetailsPlace:p=cat.app.lordofriddles&reviewid=gp:AOqpTOFD7WDDTxaQ84A2H4MiirpreJovvs33eSxZPM4S805fdc4s3L8lAk2xgKA1wt84BOpglBx_sQRKgoqfczI
cat.app.lordofriddles,93,4.1.14,it,HWLLD-H,2019-02-27T19:50:05Z,1551297005799,2019-02-27T19:50:05Z,1551297005799,4,,,,,,
cat.app.lordofriddles,93,4.1.14,it,j3y17lte,2019-02-28T15:04:28Z,1551366268002,2019-02-28T15:04:28Z,1551366268002,5,,,,,,
